keyword,category,priority
picture frames,core - brand,high
picture frame,core - brand,high
photo frames,core - brand,high
photo frame,core - brand,high
wall frames,core - brand,high
americanflat frames,core - brand,high
americanflat picture frames,core - brand,high
buy picture frames online,core - brand,high
affordable picture frames,core - brand,high
cheap picture frames,core - brand,high
picture frames set,core - brand,high
gallery wall frames,core - brand,high
gallery wall frame set,core - brand,high
bulk picture frames,core - brand,high
picture frames bulk,core - brand,high
picture frames for wall,core - brand,high
frames for wall decor,core - brand,high
wall frame set,core - brand,high
collage picture frames,core - brand,high
multi photo frame,core - brand,high
4x6 picture frame,size - standard,high
5x7 picture frame,size - standard,high
8x10 picture frame,size - standard,high
11x14 picture frame,size - standard,high
16x20 picture frame,size - standard,high
18x24 picture frame,size - standard,high
24x36 picture frame,size - standard,high
4x6 photo frame,size - standard,high
5x7 photo frame,size - standard,high
8x10 photo frame,size - standard,high
11x14 photo frame,size - standard,high
16x20 photo frame,size - standard,high
18x24 photo frame,size - standard,high
24x36 photo frame,size - standard,high
2x2 picture frame,size - small,medium
2x3 picture frame,size - small,medium
3x3 picture frame,size - small,medium
3x5 picture frame,size - small,medium
4x4 picture frame,size - small,medium
4x5 picture frame,size - small,medium
4x12 picture frame,size - small,medium
5x5 picture frame,size - small,medium
5x15 picture frame,size - small,medium
6x6 picture frame,size - small,medium
6x8 picture frame,size - small,medium
6x9 picture frame,size - small,medium
3x4 picture frame,size - small,medium
wallet size picture frame,size - small,medium
1x2 picture frame,size - small,low
2x6 picture frame,size - small,low
3x7 picture frame,size - small,low
4x10 picture frame,size - small,low
5x10 picture frame,size - small,low
5x20 picture frame,size - small,low
6x4 picture frame,size - small,low
7x5 picture frame,size - small,low
10x10 picture frame,size - square/medium,high
12x12 picture frame,size - square/medium,high
8x8 picture frame,size - square/medium,medium
9x9 picture frame,size - square/medium,medium
6x6 photo frame,size - square/medium,medium
10x12 picture frame,size - square/medium,medium
9x12 picture frame,size - square/medium,medium
10x13 picture frame,size - square/medium,medium
8x12 picture frame,size - square/medium,medium
9x11 picture frame,size - square/medium,medium
12x16 picture frame,size - large,high
12x18 picture frame,size - large,high
14x18 picture frame,size - large,high
16x24 picture frame,size - large,high
20x24 picture frame,size - large,high
20x30 picture frame,size - large,high
22x28 picture frame,size - large,medium
24x24 picture frame,size - large,medium
24x30 picture frame,size - large,medium
24x32 picture frame,size - large,medium
16x16 picture frame,size - large,medium
18x18 picture frame,size - large,medium
18x20 picture frame,size - large,medium
20x20 picture frame,size - large,medium
14x14 picture frame,size - large,medium
14x17 picture frame,size - large,medium
30x40 picture frame,size - extra large,high
27x40 picture frame,size - extra large,high
24x36 poster frame,size - extra large,high
36x48 picture frame,size - extra large,medium
40x40 picture frame,size - extra large,medium
28x40 picture frame,size - extra large,medium
32x40 picture frame,size - extra large,medium
18x24 poster frame,size - extra large,medium
20x28 picture frame,size - extra large,medium
36x36 picture frame,size - extra large,low
30x30 picture frame,size - extra large,low
36x24 picture frame,size - extra large,low
48x36 picture frame,size - extra large,low
odd size picture frames,size - odd/custom,medium
unusual size picture frames,size - odd/custom,medium
non standard picture frames,size - odd/custom,medium
custom size picture frame,size - odd/custom,medium
odd shaped picture frames,size - odd/custom,medium
picture frame sizes chart,size - odd/custom,medium
7x9 picture frame,size - odd/custom,medium
6x7 picture frame,size - odd/custom,low
7x10 picture frame,size - odd/custom,low
8x9 picture frame,size - odd/custom,low
9x10 picture frame,size - odd/custom,low
10x14 picture frame,size - odd/custom,low
10x15 picture frame,size - odd/custom,low
11x16 picture frame,size - odd/custom,low
12x14 picture frame,size - odd/custom,low
13x19 picture frame,size - odd/custom,low
14x20 picture frame,size - odd/custom,low
15x19 picture frame,size - odd/custom,low
15x21 picture frame,size - odd/custom,low
black picture frame,color/style,high
white picture frame,color/style,high
gold picture frame,color/style,high
silver picture frame,color/style,high
black photo frame,color/style,high
white photo frame,color/style,high
gold photo frame,color/style,high
black wall frame,color/style,high
white wall frame,color/style,high
wood picture frame,color/style,high
wooden picture frame,color/style,high
natural wood picture frame,color/style,medium
dark wood picture frame,color/style,medium
rustic picture frame,color/style,medium
walnut picture frame,color/style,medium
oak picture frame,color/style,medium
bamboo picture frame,color/style,medium
mahogany picture frame,color/style,medium
brown picture frame,color/style,medium
rose gold picture frame,color/style,medium
copper picture frame,color/style,medium
antique gold picture frame,color/style,medium
brushed gold picture frame,color/style,medium
matte black picture frame,color/style,medium
glossy picture frame,color/style,low
acrylic picture frame,material,high
plastic picture frame,material,medium
metal picture frame,material,medium
aluminum picture frame,material,medium
lucite picture frame,material,low
resin picture frame,material,low
leather picture frame,material,low
velvet picture frame,material,low
gallery wall kit,gallery wall,high
gallery wall ideas,gallery wall,high
gallery wall frames set,gallery wall,high
create gallery wall,gallery wall,high
gallery wall layout,gallery wall,high
gallery wall template,gallery wall,high
picture frame wall collage,gallery wall,high
how to create gallery wall,gallery wall,high
gallery wall frame sizes,gallery wall,high
gallery wall black frames,gallery wall,high
gallery wall white frames,gallery wall,high
gallery wall mixed frames,gallery wall,high
gallery wall bedroom,gallery wall,medium
gallery wall living room,gallery wall,medium
gallery wall staircase,gallery wall,medium
gallery wall above couch,gallery wall,medium
gallery wall above bed,gallery wall,medium
gallery wall office,gallery wall,medium
symmetrical gallery wall,gallery wall,medium
eclectic gallery wall,gallery wall,medium
minimalist gallery wall,gallery wall,medium
gallery wall 4 frames,gallery wall,medium
gallery wall 6 frames,gallery wall,medium
gallery wall 8 frames,gallery wall,medium
gallery wall 10 frames,gallery wall,medium
buy wall art frames,gallery wall,low
picture frame set of 3,multi-pack/sets,high
picture frame set of 4,multi-pack/sets,high
picture frame set of 5,multi-pack/sets,high
picture frame set of 6,multi-pack/sets,high
picture frame multipack,multi-pack/sets,high
picture frames 3 pack,multi-pack/sets,high
picture frames 4 pack,multi-pack/sets,high
picture frames 5 pack,multi-pack/sets,high
picture frames 6 pack,multi-pack/sets,high
picture frames bulk pack,multi-pack/sets,high
matching picture frames set,multi-pack/sets,medium
coordinating picture frames,multi-pack/sets,medium
same size picture frames set,multi-pack/sets,medium
mixed size picture frames set,multi-pack/sets,medium
picture frame bundle,multi-pack/sets,medium
poster frame,poster frames,high
poster frames,poster frames,high
movie poster frame,poster frames,high
large poster frame,poster frames,high
24x36 poster frame black,poster frames,high
27x40 movie poster frame,poster frames,high
one sheet movie poster frame,poster frames,high
poster frame with mat,poster frames,medium
poster frame without glass,poster frames,medium
poster frame acrylic,poster frames,medium
vintage poster frame,poster frames,medium
art poster frame,poster frames,medium
floating poster frame,poster frames,medium
diploma frame,specialty frames,high
certificate frame,specialty frames,high
document frame,specialty frames,high
diploma frame 8.5x11,specialty frames,high
diploma frame 11x14,specialty frames,high
certificate frame 8.5x11,specialty frames,high
certificate frame 11x14,specialty frames,high
graduation diploma frame,specialty frames,medium
university diploma frame,specialty frames,medium
award certificate frame,specialty frames,medium
jersey frame,specialty frames,medium
shadow box frame,specialty frames,medium
shadow box picture frame,specialty frames,medium
deep shadow box frame,specialty frames,medium
floating frame,specialty frames,high
floating picture frame,specialty frames,high
floating photo frame,specialty frames,high
float frame,specialty frames,high
frameless picture frame,specialty frames,medium
panoramic picture frame,specialty frames,medium
panoramic photo frame,specialty frames,medium
4x6 set of 3 picture frames,long tail - sets,high
5x7 set of 4 picture frames,long tail - sets,high
8x10 set of 3 picture frames,long tail - sets,high
4x6 and 5x7 frame set,long tail - sets,high
4x6 5x7 8x10 frame set,long tail - sets,high
8x10 black picture frame set,long tail - sets,high
8x10 white picture frame set,long tail - sets,high
5x7 black picture frame set,long tail - sets,high
5x7 white picture frame set,long tail - sets,high
4x6 black picture frame set,long tail - sets,high
4x6 white picture frame set,long tail - sets,high
gallery wall kit black frames,long tail - sets,medium
gallery wall kit white frames,long tail - sets,medium
gallery wall mixed sizes black,long tail - sets,medium
gallery wall mixed sizes white,long tail - sets,medium
picture frames for living room wall,long tail - room/use,high
picture frames for bedroom wall,long tail - room/use,high
large picture frames for wall,long tail - room/use,high
oversized picture frames,long tail - room/use,high
big picture frames for wall,long tail - room/use,high
picture frames for office,long tail - room/use,medium
picture frames for hallway,long tail - room/use,medium
picture frames for nursery,long tail - room/use,medium
picture frames for bathroom,long tail - room/use,medium
picture frames for staircase wall,long tail - room/use,medium
modern picture frames,long tail - style/decor,high
contemporary picture frames,long tail - style/decor,high
minimalist picture frame,long tail - style/decor,medium
scandinavian picture frame,long tail - style/decor,medium
bohemian picture frame,long tail - style/decor,medium
farmhouse picture frame,long tail - style/decor,medium
industrial picture frame,long tail - style/decor,medium
mid century modern picture frame,long tail - style/decor,medium
classic picture frame,long tail - style/decor,medium
ornate picture frame,long tail - style/decor,medium
traditional picture frame,long tail - style/decor,medium
slim picture frame,long tail - style/decor,medium
thin border picture frame,long tail - style/decor,medium
wide border picture frame,long tail - style/decor,medium
borderless picture frame,long tail - style/decor,medium
picture frames with mat,features,high
picture frames without mat,features,high
picture frame with matting,features,high
picture frame mat board,features,high
picture frames with glass,features,high
picture frames without glass,features,high
picture frame plexiglass,features,medium
picture frame acrylic front,features,medium
shatter resistant picture frame,features,medium
uv protection picture frame,features,medium
anti glare picture frame,features,medium
non glare glass picture frame,features,medium
magnetic picture frame,features,medium
reversible picture frame,features,medium
hinged picture frame,features,medium
tabletop picture frame,features,medium
easel back picture frame,features,medium
hanging picture frame,features,high
wall mount picture frame,features,high
picture frame wire hanger,features,medium
picture frame sawtooth hanger,features,medium
picture frames that open from the front,features,medium
front loading picture frame,features,medium
swappable picture frame,features,medium
picture frame art prints,use case - art,high
art print frames,use case - art,high
fine art frames,use case - art,medium
canvas art frame,use case - art,medium
photography frame,use case - art,medium
print frame,use case - art,medium
digital art frame,use case - art,medium
kids artwork frame,use case - family/kids,high
children's art frame,use case - family/kids,high
kids drawing frame,use case - family/kids,high
baby photo frame,use case - family/kids,high
newborn photo frame,use case - family/kids,high
baby shower picture frame,use case - family/kids,medium
birth announcement frame,use case - family/kids,medium
1st birthday picture frame,use case - family/kids,medium
family photo frame,use case - family/kids,high
family picture frame set,use case - family/kids,high
collage family frame,use case - family/kids,medium
wedding picture frame,use case - occasions,high
wedding photo frame,use case - occasions,high
engagement photo frame,use case - occasions,medium
anniversary picture frame,use case - occasions,medium
graduation picture frame,use case - occasions,medium
graduation photo frame,use case - occasions,medium
christmas picture frame,use case - occasions,medium
holiday picture frame,use case - occasions,medium
mother's day picture frame,use case - occasions,medium
father's day picture frame,use case - occasions,medium
gift picture frame,use case - gifting,high
picture frame gift set,use case - gifting,high
picture frame housewarming gift,use case - gifting,medium
picture frame for new home,use case - gifting,medium
gifts for new homeowners frames,use case - gifting,medium
sports picture frame,use case - sports,medium
sports jersey display frame,use case - sports,medium
baseball card frame,use case - sports,medium
sports memorabilia frame,use case - sports,medium
jersey shadow box,use case - sports,medium
sports photo frame,use case - sports,medium
where to buy picture frames,buying intent,high
picture frames amazon,buying intent,high
picture frames walmart,buying intent,high
picture frames target,buying intent,high
picture frames wayfair,buying intent,high
best picture frames,buying intent,high
top rated picture frames,buying intent,high
picture frames free shipping,buying intent,medium
picture frames on sale,buying intent,medium
cheap picture frames bulk,buying intent,medium
discount picture frames,buying intent,medium
affordable gallery wall frames,buying intent,medium
best gallery wall frames,buying intent,medium
best poster frames,buying intent,medium
best diploma frames,buying intent,medium
picture frames under 10,buying intent,medium
picture frames under 20,buying intent,medium
how to hang picture frames,educational,medium
how to arrange picture frames on wall,educational,medium
how to measure for picture frame,educational,medium
picture frame sizes guide,educational,medium
standard photo frame sizes,educational,high
standard picture frame sizes,educational,high
what size frame for 8x10 print,educational,high
what size frame for 11x14 print,educational,high
picture frame mat sizes,educational,medium
how to choose picture frame,educational,medium
frame vs no frame wall art,educational,low
how to style gallery wall,educational,medium
gallery wall ideas for living room,educational,medium
gallery wall ideas for bedroom,educational,medium
how to hang frames without nails,educational,medium
picture frame spacing guide,educational,low
picture frame mounting hardware,educational,low
4x6 frame,size - standard,high
5x7 frame,size - standard,high
8x10 frame,size - standard,high
11x14 frame,size - standard,high
16x20 frame,size - standard,high
18x24 frame,size - standard,high
24x36 frame,size - standard,high
4x6 picture frame black,size - standard,high
4x6 picture frame white,size - standard,high
4x6 picture frame gold,size - standard,high
5x7 picture frame black,size - standard,high
5x7 picture frame white,size - standard,high
5x7 picture frame gold,size - standard,high
8x10 picture frame black,size - standard,high
8x10 picture frame white,size - standard,high
8x10 picture frame gold,size - standard,high
11x14 picture frame black,size - standard,high
11x14 picture frame white,size - standard,high
11x14 picture frame gold,size - standard,high
16x20 picture frame black,size - standard,high
16x20 picture frame white,size - standard,high
16x20 picture frame gold,size - standard,high
8x10 picture frame with mat,size - standard,medium
11x14 picture frame with mat,size - standard,medium
16x20 picture frame with mat,size - standard,medium
18x24 picture frame with mat,size - standard,medium
24x36 picture frame with mat,size - standard,medium
8.5x11 picture frame,size - standard,medium
8.5x11 frame,size - standard,medium
11x17 picture frame,size - standard,medium
11x17 frame,size - standard,medium
22x34 picture frame,size - standard,medium
17x22 picture frame,size - standard,medium
8x10 walnut picture frame,size - standard,medium
11x14 walnut picture frame,size - standard,medium
16x20 walnut picture frame,size - standard,medium
8x10 oak picture frame,size - standard,medium
11x14 oak picture frame,size - standard,medium
16x20 oak picture frame,size - standard,medium
8x10 natural oak picture frame,size - standard,medium
11x14 natural oak picture frame,size - standard,medium
16x20 natural oak picture frame,size - standard,medium
8x10 light wood picture frame,size - standard,medium
11x14 light wood picture frame,size - standard,medium
16x20 light wood picture frame,size - standard,medium
panoramic frame,size - odd/custom,low
vertical 8x10 frame,size - odd/custom,low
A4 picture frame,size - metric,medium
A4 frame,size - metric,medium
A3 picture frame,size - metric,medium
A3 frame,size - metric,medium
A2 picture frame,size - metric,medium
4x6 picture frame set,multi-pack/sets,medium
5x7 picture frame set,multi-pack/sets,medium
8x10 picture frame set,multi-pack/sets,medium
11x14 picture frame set,multi-pack/sets,medium
set of 4x6 frames,multi-pack/sets,medium
set of 5x7 frames,multi-pack/sets,medium
set of 8x10 frames,multi-pack/sets,medium
8x10 picture frames bulk,multi-pack/sets,medium
natural oak picture frame,color/style,medium
light wood picture frame,color/style,medium
graduation frame,specialty frames,medium
graduation gift frame,specialty frames,medium
