keyword,category,priority,position,position_label,url,in_featured,total_results,error,checked_at
picture frames,core - brand,high,,Not ranked,,False,248,,2026-05-30T16:37:54.510831
picture frame,core - brand,high,,Not ranked,,False,208,,2026-05-30T16:38:01.288572
photo frames,core - brand,high,,Not ranked,,False,229,,2026-05-30T16:38:08.218003
photo frame,core - brand,high,,Not ranked,,False,205,,2026-05-30T16:38:20.969141
wall frames,core - brand,high,,Not ranked,,False,204,,2026-05-30T16:38:29.197031
americanflat frames,core - brand,high,1,#1 🏆 Top 3,https://americanflat.com/collections/picture-frame?srsltid=AfmBOopsffqwNZD0LnduvMmA1Z6qL0Q9mm3F8EmLdCFcW20vXzFxixZO,False,187,,2026-05-30T16:38:34.663431
americanflat picture frames,core - brand,high,1,#1 🏆 Top 3,https://americanflat.com/collections/picture-frames?srsltid=AfmBOoreFUHoM5LOIjlVjjXOpOHMbfLna3YvXH6Jaftt0fdOdW9C525G,False,186,,2026-05-30T16:38:39.996982
buy picture frames online,core - brand,high,,Not ranked,,False,197,,2026-05-30T16:38:46.964326
affordable picture frames,core - brand,high,,Not ranked,,False,209,,2026-05-30T16:38:52.786596
cheap picture frames,core - brand,high,,Not ranked,,False,235,,2026-05-30T16:38:58.286456
picture frames set,core - brand,high,,Not ranked,,False,251,,2026-05-30T16:39:04.011932
gallery wall frames,core - brand,high,2,#2 🏆 Top 3,https://americanflat.com/collections/gallery-wall-frame-set?srsltid=AfmBOoqm4SMeNOODc5m6-uorbjnHN3byJqlL436s05489UmFBF0Zjlb0,False,199,,2026-05-30T16:39:09.771868
gallery wall frame set,core - brand,high,2,#2 🏆 Top 3,https://americanflat.com/collections/gallery-wall-frame-set?srsltid=AfmBOoqzGrH1OQx6Ku6LHFHsD0fdAIO2jmCvnbb7hISp_FKiMvN5amZs,False,198,,2026-05-30T16:39:14.900158
bulk picture frames,core - brand,high,,Not ranked,,False,197,,2026-05-30T16:39:21.427285
picture frames bulk,core - brand,high,,Not ranked,,False,207,,2026-05-30T16:39:30.788009
picture frames for wall,core - brand,high,,Not ranked,,False,207,,2026-05-30T16:39:36.198698
frames for wall decor,core - brand,high,,Not ranked,,False,203,,2026-05-30T16:39:43.797951
wall frame set,core - brand,high,2,#2 🏆 Top 3,https://americanflat.com/collections/gallery-wall-frame-sets-oversized-mat-displays?srsltid=AfmBOoqO-rDEYU-XHZfLhgqRzpc4umkoMfpyEAd5OhhBGJP4DT4pWg5K,False,199,,2026-05-30T16:39:50.650116
collage picture frames,core - brand,high,,Not ranked,,False,199,,2026-05-30T16:39:58.233018
multi photo frame,core - brand,high,,Not ranked,,False,222,,2026-05-30T16:40:09.464294
4x6 picture frame,size - standard,high,,Not ranked,,False,,"HTTPSConnectionPool(host='api.valueserp.com', port=443): Read timed out. (read timeout=15)",2026-05-30T16:40:25.908387
5x7 picture frame,size - standard,high,,Not ranked,,False,225,,2026-05-30T16:40:35.543924
8x10 picture frame,size - standard,high,,Not ranked,,False,215,,2026-05-30T16:40:40.495446
11x14 picture frame,size - standard,high,6,#6 ✅ Page 1,https://americanflat.com/collections/11x14-frames?srsltid=AfmBOoog0U-MOAisLk6iqPDtfXjk9bvYpH0M3EPIO_GvWvU4isM8MM-j,False,208,,2026-05-30T16:40:45.479434
16x20 picture frame,size - standard,high,,Not ranked,,False,231,,2026-05-30T16:40:50.508869
18x24 picture frame,size - standard,high,9,#9 ✅ Page 1,https://americanflat.com/collections/18x24-frames?srsltid=AfmBOoplsYl4wXA3oUsBJ7sjB6I1utG-wmjp8mHZdsVDR6fWw4TTD6V6,False,245,,2026-05-30T16:40:56.228051
24x36 picture frame,size - standard,high,,Not ranked,,False,240,,2026-05-30T16:41:01.089059
4x6 photo frame,size - standard,high,,Not ranked,,False,222,,2026-05-30T16:41:06.459718
5x7 photo frame,size - standard,high,,Not ranked,,False,228,,2026-05-30T16:41:11.242263
8x10 photo frame,size - standard,high,,Not ranked,,False,193,,2026-05-30T16:41:18.049618
11x14 photo frame,size - standard,high,,Not ranked,,False,231,,2026-05-30T16:41:27.692560
16x20 photo frame,size - standard,high,,Not ranked,,False,231,,2026-05-30T16:41:33.251161
18x24 photo frame,size - standard,high,1,#1 🏆 Top 3,https://americanflat.com/collections/18x24-frames?srsltid=AfmBOoo-uTkPMhUgivUj2epubrPnjVtVNbf-SuTPHzRI5Y7bAxxH7kO6,False,250,,2026-05-30T16:41:38.688511
24x36 photo frame,size - standard,high,,Not ranked,,False,237,,2026-05-30T16:41:45.332840
10x10 picture frame,size - square/medium,high,,Not ranked,,False,231,,2026-05-30T16:41:52.278265
12x12 picture frame,size - square/medium,high,,Not ranked,,False,230,,2026-05-30T16:41:59.218441
12x16 picture frame,size - large,high,,Not ranked,,False,231,,2026-05-30T16:42:06.495228
12x18 picture frame,size - large,high,,Not ranked,,False,234,,2026-05-30T16:42:16.319668
14x18 picture frame,size - large,high,7,#7 ✅ Page 1,https://americanflat.com/collections/14x18-frames?srsltid=AfmBOoqa55WkJG2myOMchXcdEr97s3K27z-15jQzLQDiQ24z16gUtUru,False,231,,2026-05-30T16:42:22.494105
16x24 picture frame,size - large,high,,Not ranked,,False,236,,2026-05-30T16:42:29.874924
20x24 picture frame,size - large,high,,Not ranked,,False,216,,2026-05-30T16:42:34.709755
20x30 picture frame,size - large,high,,Not ranked,,False,230,,2026-05-30T16:42:40.113951
30x40 picture frame,size - extra large,high,,Not ranked,,False,228,,2026-05-30T16:42:46.177112
27x40 picture frame,size - extra large,high,,Not ranked,,False,212,,2026-05-30T16:42:51.383070
24x36 poster frame,size - extra large,high,,Not ranked,,False,258,,2026-05-30T16:42:59.237596
black picture frame,color/style,high,,Not ranked,,False,200,,2026-05-30T16:43:04.521153
white picture frame,color/style,high,,Not ranked,,False,207,,2026-05-30T16:43:09.284198
gold picture frame,color/style,high,,Not ranked,,False,211,,2026-05-30T16:43:17.453656
silver picture frame,color/style,high,,Not ranked,,False,187,,2026-05-30T16:43:27.721245
black photo frame,color/style,high,,Not ranked,,False,201,,2026-05-30T16:43:34.698234
white photo frame,color/style,high,,Not ranked,,False,216,,2026-05-30T16:43:40.026738
gold photo frame,color/style,high,,Not ranked,,False,214,,2026-05-30T16:43:49.460479
black wall frame,color/style,high,,Not ranked,,False,201,,2026-05-30T16:43:56.500158
white wall frame,color/style,high,,Not ranked,,False,207,,2026-05-30T16:44:05.628624
wood picture frame,color/style,high,,Not ranked,,False,207,,2026-05-30T16:44:14.157940
wooden picture frame,color/style,high,,Not ranked,,False,205,,2026-05-30T16:44:20.525528
acrylic picture frame,material,high,,Not ranked,,False,220,,2026-05-30T16:44:27.970652
gallery wall kit,gallery wall,high,,Not ranked,,False,208,,2026-05-30T16:44:33.246230
gallery wall ideas,gallery wall,high,,Not ranked,,False,190,,2026-05-30T16:44:37.994347
gallery wall frames set,gallery wall,high,2,#2 🏆 Top 3,https://americanflat.com/collections/gallery-wall-frame-set?srsltid=AfmBOorXMtjmK6KoCBao5ALvPBnfXrwMHWzEy-9kRT-ZN_7PrpvlMa3R,False,214,,2026-05-30T16:44:44.669588
create gallery wall,gallery wall,high,,Not ranked,,False,176,,2026-05-30T16:44:49.270733
gallery wall layout,gallery wall,high,,Not ranked,,False,185,,2026-05-30T16:44:53.425446
gallery wall template,gallery wall,high,,Not ranked,,False,193,,2026-05-30T16:45:04.360589
picture frame wall collage,gallery wall,high,,Not ranked,,False,220,,2026-05-30T16:45:14.379693
how to create gallery wall,gallery wall,high,,Not ranked,,False,195,,2026-05-30T16:45:26.958184
gallery wall frame sizes,gallery wall,high,,Not ranked,,False,193,,2026-05-30T16:45:35.191266
gallery wall black frames,gallery wall,high,8,#8 ✅ Page 1,https://americanflat.com/collections/gallery-wall-frame-set?srsltid=AfmBOor9WAFgPUkZlVY9P22vzmD4mgg4R_5i5hymhzu1sgpza68GeVOO,False,201,,2026-05-30T16:45:43.652644
gallery wall white frames,gallery wall,high,,Not ranked,,False,204,,2026-05-30T16:45:50.201351
gallery wall mixed frames,gallery wall,high,,Not ranked,,False,196,,2026-05-30T16:45:57.051298
picture frame set of 3,multi-pack/sets,high,,Not ranked,,False,283,,2026-05-30T16:46:04.889533
picture frame set of 4,multi-pack/sets,high,,Not ranked,,False,221,,2026-05-30T16:46:13.851235
picture frame set of 5,multi-pack/sets,high,,Not ranked,,False,253,,2026-05-30T16:46:19.344042
picture frame set of 6,multi-pack/sets,high,,Not ranked,,False,284,,2026-05-30T16:46:26.847795
picture frame multipack,multi-pack/sets,high,,Not ranked,,False,235,,2026-05-30T16:46:34.675965
picture frames 3 pack,multi-pack/sets,high,,Not ranked,,False,225,,2026-05-30T16:46:42.257225
picture frames 4 pack,multi-pack/sets,high,,Not ranked,,False,226,,2026-05-30T16:46:55.383843
picture frames 5 pack,multi-pack/sets,high,,Not ranked,,False,221,,2026-05-30T16:47:08.383087
picture frames 6 pack,multi-pack/sets,high,,Not ranked,,False,227,,2026-05-30T16:47:18.252863
picture frames bulk pack,multi-pack/sets,high,,Not ranked,,False,195,,2026-05-30T16:47:27.294300
poster frame,poster frames,high,,Not ranked,,False,229,,2026-05-30T16:47:34.017589
poster frames,poster frames,high,,Not ranked,,False,234,,2026-05-30T16:47:40.150144
movie poster frame,poster frames,high,,Not ranked,,False,197,,2026-05-30T16:47:48.865103
large poster frame,poster frames,high,,Not ranked,,False,199,,2026-05-30T16:47:54.079970
24x36 poster frame black,poster frames,high,,Not ranked,,False,224,,2026-05-30T16:47:58.555327
27x40 movie poster frame,poster frames,high,,Not ranked,,False,237,,2026-05-30T16:48:05.585741
one sheet movie poster frame,poster frames,high,,Not ranked,,False,203,,2026-05-30T16:48:14.791603
diploma frame,specialty frames,high,,Not ranked,,False,206,,2026-05-30T16:48:20.510888
certificate frame,specialty frames,high,,Not ranked,,False,,"HTTPSConnectionPool(host='api.valueserp.com', port=443): Read timed out. (read timeout=15)",2026-05-30T16:48:36.947316
document frame,specialty frames,high,,Not ranked,,False,223,,2026-05-30T16:48:45.206129
diploma frame 8.5x11,specialty frames,high,,Not ranked,,False,804000,,2026-05-30T16:48:58.349002
diploma frame 11x14,specialty frames,high,7,#7 ✅ Page 1,https://americanflat.com/collections/diploma-frames?srsltid=AfmBOor4UEI_WbQQ1q7Unig8i2IJtwX7Pj93ohlVCMLcedyRxw-PSfBa,False,231,,2026-05-30T16:49:11.330397
certificate frame 8.5x11,specialty frames,high,,Not ranked,,False,622000,,2026-05-30T16:49:18.793401
certificate frame 11x14,specialty frames,high,2,#2 🏆 Top 3,https://americanflat.com/products/11x14-diploma-frame-set-of-2-shatter-resistant-glass-and-hanging-hardware-included?srsltid=AfmBOook0cLWvgfUR8RRHMJjDOxfi-lfmZ4yvfTDanej6b4HAvgLhkCJ,False,206,,2026-05-30T16:49:26.125125
floating frame,specialty frames,high,7,#7 ✅ Page 1,https://americanflat.com/products/canvas-floating-frame-without-mat?srsltid=AfmBOorY9bZCBl_AcfTUpMmkrM_uu4JhpNN_Dq3sh_o5OooUDFtdv6QJ,False,201,,2026-05-30T16:49:32.672391
floating picture frame,specialty frames,high,,Not ranked,,False,209,,2026-05-30T16:49:43.940024
floating photo frame,specialty frames,high,,Not ranked,,False,220,,2026-05-30T16:49:51.802053
float frame,specialty frames,high,,Not ranked,,False,198,,2026-05-30T16:49:59.296199
4x6 set of 3 picture frames,long tail - sets,high,,Not ranked,,False,220,,2026-05-30T16:50:07.472355
5x7 set of 4 picture frames,long tail - sets,high,,Not ranked,,False,238,,2026-05-30T16:50:16.805322
8x10 set of 3 picture frames,long tail - sets,high,,Not ranked,,False,236,,2026-05-30T16:50:25.538539
4x6 and 5x7 frame set,long tail - sets,high,,Not ranked,,False,255,,2026-05-30T16:50:37.598864
4x6 5x7 8x10 frame set,long tail - sets,high,,Not ranked,,False,180,,2026-05-30T16:50:46.774907
8x10 black picture frame set,long tail - sets,high,,Not ranked,,False,246,,2026-05-30T16:50:56.370967
8x10 white picture frame set,long tail - sets,high,,Not ranked,,False,228,,2026-05-30T16:51:01.498369
5x7 black picture frame set,long tail - sets,high,,Not ranked,,False,230,,2026-05-30T16:51:06.515244
5x7 white picture frame set,long tail - sets,high,,Not ranked,,False,221,,2026-05-30T16:51:11.762539
4x6 black picture frame set,long tail - sets,high,,Not ranked,,False,218,,2026-05-30T16:51:18.742386
4x6 white picture frame set,long tail - sets,high,,Not ranked,,False,207,,2026-05-30T16:51:24.188657
picture frames for living room wall,long tail - room/use,high,,Not ranked,,False,225,,2026-05-30T16:51:30.374752
picture frames for bedroom wall,long tail - room/use,high,,Not ranked,,False,197,,2026-05-30T16:51:36.892643
large picture frames for wall,long tail - room/use,high,,Not ranked,,False,214,,2026-05-30T16:51:49.803949
oversized picture frames,long tail - room/use,high,,Not ranked,,False,195,,2026-05-30T16:51:59.080752
big picture frames for wall,long tail - room/use,high,,Not ranked,,False,219,,2026-05-30T16:52:04.998171
modern picture frames,long tail - style/decor,high,,Not ranked,,False,126,,2026-05-30T16:52:15.709679
contemporary picture frames,long tail - style/decor,high,,Not ranked,,False,194,,2026-05-30T16:52:25.591984
picture frames with mat,features,high,,Not ranked,,False,219,,2026-05-30T16:52:35.684214
picture frames without mat,features,high,3,#3 🏆 Top 3,https://americanflat.com/products/floating-picture-frame-without-mat?srsltid=AfmBOoqYDWXVS6TeYIafLTqkoIe9EdykKohkqZ0hIlomYE2O7DhG0UMR,False,190,,2026-05-30T16:52:40.735708
picture frame with matting,features,high,,Not ranked,,False,200,,2026-05-30T16:52:50.134667
picture frame mat board,features,high,,Not ranked,,False,200,,2026-05-30T16:52:59.238280
picture frames with glass,features,high,,Not ranked,,False,209,,2026-05-30T16:53:04.711565
picture frames without glass,features,high,,Not ranked,,False,225,,2026-05-30T16:53:11.128684
hanging picture frame,features,high,,Not ranked,,False,224,,2026-05-30T16:53:16.892127
wall mount picture frame,features,high,,Not ranked,,False,207,,2026-05-30T16:53:29.693724
picture frame art prints,use case - art,high,,Not ranked,,False,211,,2026-05-30T16:53:35.928189
art print frames,use case - art,high,,Not ranked,,False,,"HTTPSConnectionPool(host='api.valueserp.com', port=443): Read timed out. (read timeout=15)",2026-05-30T16:53:52.379087
kids artwork frame,use case - family/kids,high,1,#1 🏆 Top 3,https://americanflat.com/collections/kids-art-frames?srsltid=AfmBOooQKT6XseWOKiqrSBet_0mV9EBtUhTGJCWBrxKKeibV0oNfkuGP,False,251,,2026-05-30T16:54:00.588845
children's art frame,use case - family/kids,high,1,#1 🏆 Top 3,https://americanflat.com/collections/kids-art-frames?srsltid=AfmBOoqjRnGZAvxWGzgjjhXwlyZl1hkFvXPnsbBY1Zp0Ic8jSkn2aVIt,False,243,,2026-05-30T16:54:10.547108
kids drawing frame,use case - family/kids,high,2,#2 🏆 Top 3,https://americanflat.com/collections/kids-art-frames?srsltid=AfmBOoovpaS53r3oXaV2Q7sP4pMEtdYilAS0EP4nAJ92MWY_86nVmNld,False,225,,2026-05-30T16:54:18.214285
baby photo frame,use case - family/kids,high,,Not ranked,,False,200,,2026-05-30T16:54:24.997720
newborn photo frame,use case - family/kids,high,,Not ranked,,False,239,,2026-05-30T16:54:30.955088
family photo frame,use case - family/kids,high,,Not ranked,,False,216,,2026-05-30T16:54:37.120097
family picture frame set,use case - family/kids,high,,Not ranked,,False,208,,2026-05-30T16:54:44.289646
wedding picture frame,use case - occasions,high,,Not ranked,,False,195,,2026-05-30T16:54:51.605618
wedding photo frame,use case - occasions,high,,Not ranked,,False,,"HTTPSConnectionPool(host='api.valueserp.com', port=443): Read timed out. (read timeout=15)",2026-05-30T16:55:08.055297
gift picture frame,use case - gifting,high,,Not ranked,,False,195,,2026-05-30T16:55:16.307281
picture frame gift set,use case - gifting,high,,Not ranked,,False,191,,2026-05-30T16:55:30.467253
where to buy picture frames,buying intent,high,,Not ranked,,False,187,,2026-05-30T16:55:35.711796
picture frames amazon,buying intent,high,,Not ranked,,False,199,,2026-05-30T16:55:41.446298
picture frames walmart,buying intent,high,,Not ranked,,False,190,,2026-05-30T16:55:47.194581
picture frames target,buying intent,high,,Not ranked,,False,197,,2026-05-30T16:55:52.561170
picture frames wayfair,buying intent,high,,Not ranked,,False,173,,2026-05-30T16:56:01.287570
best picture frames,buying intent,high,,Not ranked,,False,189,,2026-05-30T16:56:07.904990
top rated picture frames,buying intent,high,,Not ranked,,False,187,,2026-05-30T16:56:17.749330
standard photo frame sizes,educational,high,,Not ranked,,False,190,,2026-05-30T16:56:22.601604
standard picture frame sizes,educational,high,,Not ranked,,False,185,,2026-05-30T16:56:26.621903
what size frame for 8x10 print,educational,high,,Not ranked,,False,157,,2026-05-30T16:56:37.535349
what size frame for 11x14 print,educational,high,,Not ranked,,False,127,,2026-05-30T16:56:51.511448
4x6 frame,size - standard,high,,Not ranked,,False,225,,2026-05-30T16:56:56.891670
5x7 frame,size - standard,high,,Not ranked,,False,197,,2026-05-30T16:57:06.102080
8x10 frame,size - standard,high,,Not ranked,,False,216,,2026-05-30T16:57:18.524654
11x14 frame,size - standard,high,,Not ranked,,False,218,,2026-05-30T16:57:23.924332
16x20 frame,size - standard,high,,Not ranked,,False,1380,,2026-05-30T16:57:30.128535
18x24 frame,size - standard,high,8,#8 ✅ Page 1,https://americanflat.com/collections/18x24-frames?srsltid=AfmBOorLMAGfIVJc9Q5FsmrVQMeXmWW5_CLqgZlJlUtklIpaqABbaW7N,False,244,,2026-05-30T16:57:35.500388
24x36 frame,size - standard,high,,Not ranked,,False,250,,2026-05-30T16:57:41.685112
4x6 picture frame black,size - standard,high,7,#7 ✅ Page 1,https://americanflat.com/collections/4-x-6-picture-frames?srsltid=AfmBOooSRH5iTWnyGjI9g-hU-Jt4E1O-vzXiZ-6NveRPi0MH7lLykjRi,False,216,,2026-05-30T16:57:47.737957
4x6 picture frame white,size - standard,high,,Not ranked,,False,213,,2026-05-30T16:57:56.123254
4x6 picture frame gold,size - standard,high,,Not ranked,,False,245,,2026-05-30T16:58:04.457633
5x7 picture frame black,size - standard,high,,Not ranked,,False,206,,2026-05-30T16:58:13.048346
5x7 picture frame white,size - standard,high,,Not ranked,,False,180,,2026-05-30T16:58:18.135210
5x7 picture frame gold,size - standard,high,,Not ranked,,False,222,,2026-05-30T16:58:26.267367
8x10 picture frame black,size - standard,high,,Not ranked,,False,234,,2026-05-30T16:58:33.301222
8x10 picture frame white,size - standard,high,,Not ranked,,False,230,,2026-05-30T16:58:40.816040
8x10 picture frame gold,size - standard,high,,Not ranked,,False,240,,2026-05-30T16:58:50.333207
11x14 picture frame black,size - standard,high,2,#2 🏆 Top 3,https://americanflat.com/collections/11x14-frames?srsltid=AfmBOoo8pTpjlZHDRAh66OGnbRYtHpt64B6G0WOrQRu9eung3k4iDAwm,False,226,,2026-05-30T16:58:55.840221
11x14 picture frame white,size - standard,high,4,#4 ✅ Page 1,https://americanflat.com/collections/11x14-frames?srsltid=AfmBOooumElTy9AdiLfFErgwFG8Qw4l9fIds_3Ghp28mc9D9Q-ZtJ2WJ,False,202,,2026-05-30T16:59:01.032343
11x14 picture frame gold,size - standard,high,,Not ranked,,False,226,,2026-05-30T16:59:13.695882
16x20 picture frame black,size - standard,high,,Not ranked,,False,245,,2026-05-30T16:59:19.360742
16x20 picture frame white,size - standard,high,8,#8 ✅ Page 1,https://americanflat.com/collections/16x20-picture-frames?srsltid=AfmBOorjvmo4n8zre6e882BAQ_ELVf_pqFxpkoK5HTNRmBPQPyrZzWAM,False,207,,2026-05-30T16:59:25.045694
16x20 picture frame gold,size - standard,high,,Not ranked,,False,199,,2026-05-30T16:59:34.753332
